{
  "amplitude": {
    "region_mean": {
      "min": -5.571277618408203,
      "max": 3.656327962875366,
      "median": -0.0003638933412730694
    },
    "region_std": {
      "min": 0.0,
      "max": 237.1908721923828,
      "median": 20.33609390258789,
      "ratio_p99_p1": 8.170174598693848
    },
    "excess_kurtosis": {
      "median": -0.0155717134475708,
      "p95": 1.2313926219940186
    },
    "skew": {
      "median": 0.028929241001605988,
      "p95": 0.5646348595619202
    },
    "frac_regions_flat": 0.0002927669345579793
  },
  "baselines": {
    "h1": {
      "mean": {
        "mean": 1.0032205238818575,
        "std": 0.0036461771605218202
      },
      "persistence": {
        "mean": 0.5126907664482684,
        "std": 0.20373972688204797
      },
      "ar1": {
        "mean": 0.4349993747390644,
        "std": 0.1387956410001393
      }
    },
    "h2": {
      "mean": {
        "mean": 1.0052698955333328,
        "std": 0.004663791918377296
      },
      "persistence": {
        "mean": 1.540171341288377,
        "std": 0.40987055430168323
      },
      "ar1": {
        "mean": 1.0153727703882824,
        "std": 0.12259938029433
      }
    },
    "h5": {
      "mean": {
        "mean": 1.0099369527688666,
        "std": 0.008093199190173735
      },
      "persistence": {
        "mean": 2.32938617912691,
        "std": 0.11889044815311263
      },
      "ar1": {
        "mean": 1.2004672762447055,
        "std": 0.13437250468195078
      }
    },
    "h10": {
      "mean": {
        "mean": 1.0143597113689242,
        "std": 0.012971182532476144
      },
      "persistence": {
        "mean": 2.2826849423374567,
        "std": 0.09697598683286678
      },
      "ar1": {
        "mean": 1.0628809484767585,
        "std": 0.051019315108465496
      }
    }
  },
  "site_variance": {
    "n_groups": 20,
    "between_group_variance_fraction": 0.06121355593796407
  },
  "by_site": {
    "CALTECH": {
      "n_subjects": 15,
      "T_median": 146.0,
      "acf": [
        0.9949998339017232,
        0.7731164693832397,
        0.27215518752733864,
        -0.14807902077833812,
        -0.27070657511552176,
        -0.17633723864952724
      ],
      "ar1_median": 0.7779636383056641,
      "acf2_over_acf1_sq": 0.4553305258446702,
      "baseline_ar1_mse": 0.398344361782074
    },
    "CMU": {
      "n_subjects": 11,
      "T_median": 236.0,
      "acf": [
        0.9959090948104858,
        0.8212302110411904,
        0.413837579163638,
        0.031120364300229332,
        -0.1523328074677424,
        -0.15735294331203808
      ],
      "ar1_median": 0.8220905065536499,
      "acf2_over_acf1_sq": 0.6136208242009487,
      "baseline_ar1_mse": 0.31913796202702954
    },
    "KKI": {
      "n_subjects": 33,
      "T_median": 152.0,
      "acf": [
        1.0000000126434094,
        0.6535782723715811,
        0.012412675599934477,
        -0.2730503411907138,
        -0.15456354730960095,
        -0.057465681890872394
      ],
      "ar1_median": 0.6539673805236816,
      "acf2_over_acf1_sq": 0.029058299346448362,
      "baseline_ar1_mse": 0.5748392307397091
    },
    "LEUVEN_1": {
      "n_subjects": 28,
      "T_median": 246.0,
      "acf": [
        1.0,
        0.8535212640251432,
        0.4888321246419634,
        0.09263718108247433,
        -0.16364328376948833,
        -0.2251920678785869
      ],
      "ar1_median": 0.8542048335075378,
      "acf2_over_acf1_sq": 0.6710131761936691,
      "baseline_ar1_mse": 0.2741120516189507
    },
    "LEUVEN_2": {
      "n_subjects": 28,
      "T_median": 246.0,
      "acf": [
        1.0000000021287374,
        0.8493811403002057,
        0.4759335049561092,
        0.07511356768996588,
        -0.17536795511841774,
        -0.222196100545781
      ],
      "ar1_median": 0.8492989540100098,
      "acf2_over_acf1_sq": 0.6596917489087832,
      "baseline_ar1_mse": 0.2813874823706491
    },
    "MAX_MUN": {
      "n_subjects": 46,
      "T_median": 116.0,
      "acf": [
        1.000000001295753,
        0.5473912753488707,
        -0.12313988428238941,
        -0.2057618166765441,
        -0.05882098533861015,
        -0.14889675791820753
      ],
      "ar1_median": 0.5494814515113831,
      "acf2_over_acf1_sq": -0.410963261103299,
      "baseline_ar1_mse": 0.6983168384303218
    },
    "NYU": {
      "n_subjects": 172,
      "T_median": 176.0,
      "acf": [
        0.999941861906717,
        0.7759398409100466,
        0.27256351423471475,
        -0.14651721992075098,
        -0.26333246969206386,
        -0.16129874373071415
      ],
      "ar1_median": 0.7764085531234741,
      "acf2_over_acf1_sq": 0.4527011702636347,
      "baseline_ar1_mse": 0.40114935088989345
    },
    "OHSU": {
      "n_subjects": 25,
      "T_median": 78.0,
      "acf": [
        1.0000000047683715,
        0.6165782642364502,
        -0.08502340823411941,
        -0.366482207775116,
        -0.18867513686418533,
        -0.04975928630679846
      ],
      "ar1_median": 0.617622435092926,
      "acf2_over_acf1_sq": -0.22364649095475767,
      "baseline_ar1_mse": 0.6219096994400024
    },
    "OLIN": {
      "n_subjects": 28,
      "T_median": 206.0,
      "acf": [
        1.0,
        0.8676502555608749,
        0.5268617219158581,
        0.1308606799159731,
        -0.1612479655138616,
        -0.26784272279058186
      ],
      "ar1_median": 0.8672248125076294,
      "acf2_over_acf1_sq": 0.6998536772263158,
      "baseline_ar1_mse": 0.2507872363286359
    },
    "PITT": {
      "n_subjects": 50,
      "T_median": 196.0,
      "acf": [
        0.999799997806549,
        0.8741371715068817,
        0.5481215763092041,
        0.16418365105986596,
        -0.12829567559063434,
        -0.24986741617321967
      ],
      "ar1_median": 0.8730642795562744,
      "acf2_over_acf1_sq": 0.7173278973888048,
      "baseline_ar1_mse": 0.23979857981204986
    },
    "SBL": {
      "n_subjects": 26,
      "T_median": 196.0,
      "acf": [
        0.9982692347123072,
        0.7574608325958252,
        0.24505429772230294,
        -0.12737976795492265,
        -0.1858798933143799,
        -0.1012204514856701
      ],
      "ar1_median": 0.7620639801025391,
      "acf2_over_acf1_sq": 0.4271121851907122,
      "baseline_ar1_mse": 0.4254474410643944
    },
    "SDSU": {
      "n_subjects": 27,
      "T_median": 176.0,
      "acf": [
        0.9977777776894746,
        0.7765164309077792,
        0.2768007180205098,
        -0.145312727049545,
        -0.2720927287031103,
        -0.17802233083380592
      ],
      "ar1_median": 0.7783946394920349,
      "acf2_over_acf1_sq": 0.45905625871088784,
      "baseline_ar1_mse": 0.39663306320155106
    },
    "STANFORD": {
      "n_subjects": 25,
      "T_median": 236.0,
      "acf": [
        1.0,
        0.7701629972457886,
        0.25882291674613955,
        -0.1570678711682558,
        -0.25825321197509765,
        -0.14126057475805281
      ],
      "ar1_median": 0.7703758478164673,
      "acf2_over_acf1_sq": 0.4363524604642262,
      "baseline_ar1_mse": 0.40893596291542056
    },
    "TRINITY": {
      "n_subjects": 44,
      "T_median": 146.0,
      "acf": [
        0.9997727315534245,
        0.7716277580369603,
        0.25853675773197954,
        -0.16686356431719931,
        -0.2807690253989263,
        -0.16936422562734646
      ],
      "ar1_median": 0.7712826728820801,
      "acf2_over_acf1_sq": 0.43421679107902983,
      "baseline_ar1_mse": 0.40799651836807077
    },
    "UCLA_1": {
      "n_subjects": 64,
      "T_median": 116.0,
      "acf": [
        1.0000000009313226,
        0.5412053968757391,
        -0.13764282449847087,
        -0.21543989167548716,
        -0.054665065472363494,
        -0.13425773713970557
      ],
      "ar1_median": 0.544063925743103,
      "acf2_over_acf1_sq": -0.4699258531454469,
      "baseline_ar1_mse": 0.7060214569792151
    },
    "UCLA_2": {
      "n_subjects": 21,
      "T_median": 116.0,